{
    "Global":{
        "Size Min": 200,
        "Size Max": 1500,
        "Height Min":0,
        "Height Max":100,
        "Default X":700,
        "Default Y":700,
        "Default Height":60,
        "Main Type Variation":0,

        "Mob Spawn Rate":0,
        "Mob Spread Rate":0,
        "Mob Spawn Groups":0,
        "Mob Group Min Size":0,
        "Mob Group Max Size":0,
        "Mob Type":[],

        "Recourse Types":[],
        "Resourse Spreading":[],
        "Recourse Amount":0,

        "Struct Min Dist":340,
        "Struct Max Dist":1600
    },

    "Temperature":{
        "Hot":["Beach", "Desert"],
        "Cold":["Snowy Woods", "Snowy Mountains", "Snowy Plains"],
        "Normal":["Mountins", "Underworld"],
        "Mystic":["Vampires Castle", "Vally of Souls", "The Illusions"]
    }
}