{
    "Cell_4_1":{
        "Array":[
            ["00", "01", "02", "03", "04", "||", "06", "07", "08", "09", "10", "||", "06", "07", "08", "09", "10"],
            ["00", "01", "02", "03", "04", "||", "06", "07", "08", "09", "10", "||", "06", "07", "08", "09", "10"],
            ["00", "01", "02", "03", "04", "||", "06", "07", "08", "09", "10", "||", "06", "07", "08", "09", "10"],
            ["00", "01", "02", "03", "04", "||", "06", "07", "08", "09", "10", "||", "06", "07", "08", "09", "10"],
            ["00", "01", "02", "03", "04", "||", "06", "07", "08", "09", "10", "||", "06", "07", "08", "09", "10"],
            ["=================================================================================================="],
            ["00", "01", "02", "03", "04", "||", "06", "07", "08", "09", "10", "||", "06", "07", "08", "09", "10"],
            ["00", "01", "02", "03", "04", "||", "06", "07", "08", "09", "10", "||", "06", "07", "08", "09", "10"],
            ["00", "01", "02", "03", "04", "||", "06", "07", "08", "09", "10", "||", "06", "07", "08", "09", "10"],
            ["00", "01", "02", "03", "04", "||", "06", "07", "08", "09", "10", "||", "06", "07", "08", "09", "10"],
            ["00", "01", "02", "03", "04", "||", "06", "07", "08", "09", "10", "||", "06", "07", "08", "09", "10"],
            ["=================================================================================================="],
            ["00", "01", "02", "03", "04", "||", "06", "07", "08", "09", "10", "||", "06", "07", "08", "09", "10"],
            ["00", "01", "02", "03", "04", "||", "06", "07", "08", "09", "10", "||", "06", "07", "08", "09", "10"],
            ["00", "01", "02", "03", "04", "||", "06", "07", "08", "09", "10", "||", "06", "07", "08", "09", "10"],
            ["00", "01", "02", "03", "04", "||", "06", "07", "08", "09", "10", "||", "06", "07", "08", "09", "10"],
            ["00", "01", "02", "03", "04", "||", "06", "07", "08", "09", "10", "||", "06", "07", "08", "09", "10"]
        ]
    },

    "Cell_4_2":{
        "Array":[
            ["00", "01", "02", "03", "04", "||", "06", "07", "08", "09", "10", "||", "06", "07", "08", "09", "10"],
            ["00", "01", "02", "03", "04", "||", "06", "07", "08", "09", "10", "||", "06", "07", "08", "09", "10"],
            ["00", "01", "02", "03", "04", "||", "06", "07", "08", "09", "10", "||", "06", "07", "08", "09", "10"],
            ["00", "01", "02", "03", "04", "||", "06", "07", "08", "09", "10", "||", "06", "07", "08", "09", "10"],
            ["00", "01", "02", "03", "04", "||", "06", "07", "08", "09", "10", "||", "06", "07", "08", "09", "10"],
            ["=================================================================================================="],
            ["00", "01", "02", "03", "04", "||", "06", "07", "08", "09", "10", "||", "06", "07", "08", "09", "10"],
            ["00", "01", "02", "03", "04", "||", "06", "07", "08", "09", "10", "||", "06", "07", "08", "09", "10"],
            ["00", "01", "02", "03", "04", "||", "06", "07", "08", "09", "10", "||", "06", "07", "08", "09", "10"],
            ["00", "01", "02", "03", "04", "||", "06", "07", "08", "09", "10", "||", "06", "07", "08", "09", "10"],
            ["00", "01", "02", "03", "04", "||", "06", "07", "08", "09", "10", "||", "06", "07", "08", "09", "10"],
            ["=================================================================================================="],
            ["00", "01", "02", "03", "04", "||", "06", "07", "08", "09", "10", "||", "06", "07", "08", "09", "10"],
            ["00", "01", "02", "03", "04", "||", "06", "07", "08", "09", "10", "||", "06", "07", "08", "09", "10"],
            ["00", "01", "02", "03", "04", "||", "06", "07", "08", "09", "10", "||", "06", "07", "08", "09", "10"],
            ["00", "01", "02", "03", "04", "||", "06", "07", "08", "09", "10", "||", "06", "07", "08", "09", "10"],
            ["00", "01", "02", "03", "04", "||", "06", "07", "08", "09", "10", "||", "06", "07", "08", "09", "10"]
        ]
    },
    
    "Cell_4_3":{
        "Array":[
            ["00", "01", "02", "03", "04", "||", "06", "07", "08", "09", "10", "||", "06", "07", "08", "09", "10"],
            ["00", "01", "02", "03", "04", "||", "06", "07", "08", "09", "10", "||", "06", "07", "08", "09", "10"],
            ["00", "01", "02", "03", "04", "||", "06", "07", "08", "09", "10", "||", "06", "07", "08", "09", "10"],
            ["00", "01", "02", "03", "04", "||", "06", "07", "08", "09", "10", "||", "06", "07", "08", "09", "10"],
            ["00", "01", "02", "03", "04", "||", "06", "07", "08", "09", "10", "||", "06", "07", "08", "09", "10"],
            ["=================================================================================================="],
            ["00", "01", "02", "03", "04", "||", "06", "07", "08", "09", "10", "||", "06", "07", "08", "09", "10"],
            ["00", "01", "02", "03", "04", "||", "06", "07", "08", "09", "10", "||", "06", "07", "08", "09", "10"],
            ["00", "01", "02", "03", "04", "||", "06", "07", "08", "09", "10", "||", "06", "07", "08", "09", "10"],
            ["00", "01", "02", "03", "04", "||", "06", "07", "08", "09", "10", "||", "06", "07", "08", "09", "10"],
            ["00", "01", "02", "03", "04", "||", "06", "07", "08", "09", "10", "||", "06", "07", "08", "09", "10"],
            ["=================================================================================================="],
            ["00", "01", "02", "03", "04", "||", "06", "07", "08", "09", "10", "||", "06", "07", "08", "09", "10"],
            ["00", "01", "02", "03", "04", "||", "06", "07", "08", "09", "10", "||", "06", "07", "08", "09", "10"],
            ["00", "01", "02", "03", "04", "||", "06", "07", "08", "09", "10", "||", "06", "07", "08", "09", "10"],
            ["00", "01", "02", "03", "04", "||", "06", "07", "08", "09", "10", "||", "06", "07", "08", "09", "10"],
            ["00", "01", "02", "03", "04", "||", "06", "07", "08", "09", "10", "||", "06", "07", "08", "09", "10"]
        ]
    },

    "Cell_4_4":{
        "Array":[
            ["00", "01", "02", "03", "04", "||", "06", "07", "08", "09", "10", "||", "06", "07", "08", "09", "10"],
            ["00", "01", "02", "03", "04", "||", "06", "07", "08", "09", "10", "||", "06", "07", "08", "09", "10"],
            ["00", "01", "02", "03", "04", "||", "06", "07", "08", "09", "10", "||", "06", "07", "08", "09", "10"],
            ["00", "01", "02", "03", "04", "||", "06", "07", "08", "09", "10", "||", "06", "07", "08", "09", "10"],
            ["00", "01", "02", "03", "04", "||", "06", "07", "08", "09", "10", "||", "06", "07", "08", "09", "10"],
            ["=================================================================================================="],
            ["00", "01", "02", "03", "04", "||", "06", "07", "08", "09", "10", "||", "06", "07", "08", "09", "10"],
            ["00", "01", "02", "03", "04", "||", "06", "07", "08", "09", "10", "||", "06", "07", "08", "09", "10"],
            ["00", "01", "02", "03", "04", "||", "06", "07", "08", "09", "10", "||", "06", "07", "08", "09", "10"],
            ["00", "01", "02", "03", "04", "||", "06", "07", "08", "09", "10", "||", "06", "07", "08", "09", "10"],
            ["00", "01", "02", "03", "04", "||", "06", "07", "08", "09", "10", "||", "06", "07", "08", "09", "10"],
            ["=================================================================================================="],
            ["00", "01", "02", "03", "04", "||", "06", "07", "08", "09", "10", "||", "06", "07", "08", "09", "10"],
            ["00", "01", "02", "03", "04", "||", "06", "07", "08", "09", "10", "||", "06", "07", "08", "09", "10"],
            ["00", "01", "02", "03", "04", "||", "06", "07", "08", "09", "10", "||", "06", "07", "08", "09", "10"],
            ["00", "01", "02", "03", "04", "||", "06", "07", "08", "09", "10", "||", "06", "07", "08", "09", "10"],
            ["00", "01", "02", "03", "04", "||", "06", "07", "08", "09", "10", "||", "06", "07", "08", "09", "10"]
        ]
    }
}