{
    "Main_Stuff":{
        "Basics":{
            "Name":"null",
            "Alter":0,
            "Profession":"null",
            "Gender":"null",
            "Family":0,
            "Children":0,
            "House":0,
            "Appartment":0
            },

        "Character":{
            "Player_Dialogs":[],
            "Player_Quests":[],
            "Player_Actions":[],
            "Player_Reactions":[],

            "Npc_Dialogs":[],
            "Npc_Quests":[],
            "Npc_Actions":[],
            "Npc_Reactions":[],

            "Mob_Dialogs":[],
            "Mob_Quests":[],
            "Mob_Actions":[],
            "Mob_Reactions":[]
        }
    },

    "Brain":{
        "Mood":{
            "Happy":[],
            "Sad":[]
        },

        "Behavior":{
            "Mistrust":[]
        }
    }
}
