{
    "child": {
        "child1": {
            "child1": {
                "directory": "",
                "height": 473,
                "profile": "2b7c4080-0ddd-46c5-8f23-563fd3ba789d",
                "readOnly": false,
                "synchronizedInput": true,
                "title": "Settings",
                "type": "Terminal",
                "uuid": "39dc0404-a3e1-415e-9e3e-b67f1396b02d",
                "width": 313,
                "name": "Settings"
            },
            "child2": {
                "directory": "",
                "height": 468,
                "profile": "2b7c4080-0ddd-46c5-8f23-563fd3ba789d",
                "readOnly": false,
                "synchronizedInput": true,
                "title":"Player Stats",
                "type": "Terminal",
                "uuid": "ae87cd22-d7cb-42e8-a6ea-78937b1c216c",
                "width": 313,
                "name":"Player Stats"
            },
            "orientation": 1,
            "position": 50,
            "ratio": 0.5,
            "type": "Paned"
        },
        "child2": {
            "child1": {
                "child1": {
                    "child1": {
                        "directory": "",
                        "height": 472,
                        "profile": "2b7c4080-0ddd-46c5-8f23-563fd3ba789d",
                        "readOnly": false,
                        "synchronizedInput": true,
                        "title":"Inventory",
                        "type": "Terminal",
                        "uuid": "8f4e69f7-6ce5-4f1e-a9e3-ee383b3771ab",
                        "width": 324,
                        "name":"Inventory"
                    },
                    "child2": {
                        "child1": {
                            "directory": "",
                            "height": 472,
                            "profile": "2b7c4080-0ddd-46c5-8f23-563fd3ba789d",
                            "readOnly": false,
                            "synchronizedInput": true,
                            "title":"Shop",
                            "type": "Terminal",
                            "uuid": "da5aca02-6b1b-4cc2-b9c0-e269ae4dc207",
                            "width": 320,
                            "name":"Shop"
                        },
                        "child2": {
                            "directory": "",
                            "height": 472,
                            "profile": "2b7c4080-0ddd-46c5-8f23-563fd3ba789d",
                            "readOnly": false,
                            "synchronizedInput": true,
                            "title":"Npc's",
                            "type": "Terminal",
                            "uuid": "e4daf05f-ef38-4ff6-97be-2e364f0be30d",
                            "width": 286,
                            "name":"Npc's"
                        },
                        "orientation": 0,
                        "position": 16,
                        "ratio": 0.523731587561374834,
                        "type": "Paned"
                    },
                    "orientation": 0,
                    "position": 16,
                    "ratio": 0.344680851063829785,
                    "type": "Paned"
                },
                "child2": {
                    "directory": "",
                    "height": 469,
                    "profile": "2b7c4080-0ddd-46c5-8f23-563fd3ba789d",
                    "readOnly": false,
                    "synchronizedInput": true,
                    "title":"Main Story",
                    "type": "Terminal",
                    "uuid": "b7b575ee-5075-42fa-8281-246ab9cc111e",
                    "width": 940,
                    "name":"Main Story"
                },
                "orientation": 1,
                "position": 49,
                "ratio": 0.498942917547568698,
                "type": "Paned"
            },
            "child2": {
                "child1": {
                    "directory": "",
                    "height": 473,
                    "profile": "2b7c4080-0ddd-46c5-8f23-563fd3ba789d",
                    "readOnly": false,
                    "synchronizedInput": true,
                    "title":"Skill Tree",
                    "type": "Terminal",
                    "uuid": "fed7a8a6-1c6a-4d19-a2b1-fbc507fd6795",
                    "width": 657,
                    "name":"Skill Tree"
                },
                "child2": {
                    "child1": {
                        "directory": "",
                        "height": 468,
                        "profile": "2b7c4080-0ddd-46c5-8f23-563fd3ba789d",
                        "readOnly": false,
                        "synchronizedInput": true,
                        "title":"Map",
                        "type": "Terminal",
                        "uuid": "ba92f374-da72-4a7f-932a-78946b04c084",
                        "width": 328,
                        "name":"Map"
                    },
                    "child2": {
                        "directory": "",
                        "height": 468,
                        "profile": "2b7c4080-0ddd-46c5-8f23-563fd3ba789d",
                        "readOnly": false,
                        "synchronizedInput": true,
                        "title":"Fast Travel",
                        "type": "Terminal",
                        "uuid": "f6ac3600-bd58-4151-a386-f7e58f2f4023",
                        "width": 324,
                        "name":"Fast Travel"
                    },
                    "orientation": 0,
                    "position": 17,
                    "ratio": 0.499238964992389622,
                    "type": "Paned"
                },
                "orientation": 1,
                "position": 50,
                "ratio": 0.5,
                "type": "Paned"
            },
            "orientation": 0,
            "position": 48,
            "ratio": 0.586766541822721588,
            "type": "Paned"
        },
        "orientation": 0,
        "position": 16,
        "ratio": 0.163020833333333337,
        "type": "Paned"
    },
    "height": 946,
    "name": "${title}",
    "synchronizedInput": false,
    "type": "Session",
    "uuid": "86ce730c-58e9-4b90-9408-4ec751646bb3",
    "version": "1.0",
    "width": 1920
}