{
    "Row_1":{
        "Settings":{
            "X":150,
            "Y":300
        },

        "Inventory":{
            "X":500,
            "Y":300
        },

        "Shop":{
            "X":800,
            "Y":300
        },

        "Npcs":{
            "X":1100,
            "Y":300
        },

        "Skill_Tree":{
            "X":1500,
            "Y":300
        }
        
    },

    "Row_2":{
        "Player_Stats":{
            "X":150,
            "Y":800
        },

        "Main_Story":{
            "X":800,
            "Y":800
        },

        "Map":{
            "X":1500,
            "Y":800
        },

        "Fast_Travel":{
            "X":1700,
            "Y":800
        }
    }
}