{
    "Items":{
        "Name":"Items", "Subs":{
            
            "Tree_Parts":{
                "Class":"Base 1",
                "Material":"Wood",
                "Breakable":["Hand", "Axe"],
                "Drop":"4",
                "Bandable": false,

                "HP":"10",
                "Attack": 0,
                "HP per Attack": 0,
                "XP":0,
                "XP Potions": 0,

                "Fire Resist": false,
                "Water Resist": false,
                "Spell Resist": false,
                "Potions":true,
                "entchanted":false,
                "Prodection": 10,

                "Crafting Recipes": ["Sticks", "Planks", "Support", "Boat"]
            }

        }
    }
}