{
    "Player_Inv": {
        "Inv Slot Minimum":15,
        "Inv Slot Current":15,
        "Inv Slot Maximum":100,
        "Inv Slot Prestige":0,
        "Inv Slot Multiplayer":1,

        "Inv Rows":3,
        "Inv Columns":5,
        "Stack Maximum":100
    },

    "Inv_Main": [
        ["01", "02", "03", "04", "05"],
        ["06", "07", "08", "09", "10"],
        ["11", "12", "13", "14", "15"]
    ],

    "Player_Equip": {
        "Equip Slot Minimum":3,
        "Equip Slot Current":3,
        "Equip Slot Maximum":10,
        "Equip Slot Prestige":0,
        "Equip Slot Multiplayer":1,

        "Equip_Rows":3,
        "Equip_Columns":1,
        "Stack Maximum":1,
        
        "Equip Weapon Name":"null",  
        "Equip Ammo Minimunm":0,
        "Equip Ammo Current":0,
        "Equip Ammo Maximum":50,

        "Equip Ammo Stack Minimum":0,
        "Equip Ammo Stack Current":0,
        "Equip Ammo Stack Maximum":5,

        "Equip":[["null"]],


        "Tool Slot Minimum":3,
        "Tool Slot Current":3,
        "Tool Slot Maximum":10,
        "Tool Slot Prestige":0,
        "Tool Slot Multiplayer":1,

        "Tool Rows":3,
        "Tool Columns":1,
        "Tool Stack Maximum":1,
        
        "Tool Name":"null",  
        "Tool Ammo Minimunm":0,
        "Tool Ammo Current":0,
        "Tool Ammo Maximum":50,
        "Tool Fuel Minimum":0,
        "Tool Fuel Current":0,
        "Tool Fuel Maximum":0,

        "Tool Ammo Stack Minimum":0,
        "Tool Ammo Stack Current":0,
        "Tool Ammo Stack Maximum":5
    },

    "Inv_Tools": [
        ["01", "02", "03"]
    ],

    "Player_Armor": {
        "Head Name":"null",
        "Head Minimum HP":0,
        "Head Current HP":0,
        "Head Maximum HP":0,

        "Head Minimum Defense":0,
        "Head Current Defense":0,
        "Head Maximum Defense":0,

        "Chest Name":"null",
        "Chest Minimum HP":0,
        "Chest Current HP":0,
        "Chest Maximum HP":0,
        
        "Chest Minimum Defense":0,
        "Chest Current Defense":0,
        "Chest Maximum Defense":0,

        "Legs Name":"null",
        "Legs Minimum HP":0,
        "Legs Current HP":0,
        "Legs Maximum HP":0,
        
        "Legs Minimum Defense":0,
        "Legs Current Defense":0,
        "Legs Maximum Defense":0,

        "Feet Name":"null",
        "Feet Minimum HP":0,
        "Feet Current HP":0,
        "Feet Maximum HP":0,
        
        "Feet Minimum Defense":0,
        "Feet Current Defense":0,
        "Feet Maximum Defense":0,

        "Arms Name":"null",
        "Arms Minimum HP":0,
        "Arms Current HP":0,
        "Arms Maximum HP":0,
        
        "Arms Minimum Defense":0,
        "Arms Current Defense":0,
        "Arms Maximum Defense":0,

        "Hands Name":"null",
        "Hands Minimum HP":0,
        "Hands Current HP":0,
        "Hands Maximum HP":0,
        
        "Hands Minimum Defense":0,
        "Hands Current Defense":0,
        "Hands Maximum Defense":0
    },

    "Inv_Armor": [
        ["01"],
        ["02"],
        ["03"],
        ["04"],
        ["05"]
    ],

    "Skills": {
        "Skill Level":0,
        "Skill XP":0,
        "Skill Passive Current":0,
        "Skill Passive Maximum":0,
        "Skill Active Current":0,
        "Skill Active Maximum":0,
        
        "Skill 01":"null",
        "Skill 02":"null",
        "Skill 03":"null",
        "Skill 04":"null",
        "Skill 05":"null",
        "Skill 06":"null",
        "Skill 07":"null",
        "Skill 08":"null",
        "Skill 09":"null",
        "Skill 10":"null",

        "Skill 01 Level":0,
        "Skill 02 Level":0,
        "Skill 03 Level":0,
        "Skill 04 Level":0,
        "Skill 05 Level":0,
        "Skill 06 Level":0,
        "Skill 07 Level":0,
        "Skill 08 Level":0,
        "Skill 09 Level":0,
        "Skill 10 Level":0
    },

    "Inv_Skills": [
        ["Skill_01"],
        ["Skill_02"],
        ["Skill_03"],
        ["Skill_04"],
        ["Skill_05"]
    ]
}