{
    "Player": {
        "Name":"Player_1",
        "Class":"0",
        "Speed":1,
        
        "Level Minimum":0,
        "Level Current":0,
        "Level Maximum":20,
        "Level Prestige":0,
        "Level Multiplayer":1,

        "XP Minimum":0,
        "XP Current":0,
        "XP Maximum":200,
        "XP Prestige":0,
        "XP Multiplayer":1,

        "HP Minimum":0,
        "HP Current":100,
        "HP Maximum":100,
        "HP Prestige":0,
        "HP Regeneration":0,
        "HP Multiplayer":1,

        "Attack Minimum":20,
        "Attack Current":20,
        "Attack Maximum":150,
        "Attack Multiplayer":1,

        "Defense Minimum":0,
        "Defense Current":0,
        "Defense Maximum":50,
        "Defense Prestige":0,
        "Defense Multiplayer":1,

        "Strength Minimum":0,
        "Strength Current":500,
        "Strength Maximum":500,
        "Strength Multiplayer":1
    },

    "Cash": {
        "Coin Lure":5,
        "Coin Wart":5,
        "Coin Cush":5,
        "Coin Gilt":5,

        "Bank Credit Current":5,
        "Bank Credit Maximum":5,
        "Bank Minus per Month":1,
        "Bank Plus per Month":4,
        "Other Plus per Motnh":4,
        "Other Minus per Month":1,
        "Money Dept":0
    }
}